<?xml version="1.0"?>	
<!-- NO BLENDER LEVEL - AUTHOR ANDREW DIGGINS -->
<!-- ORIGINAL LEVEL 3 -->
<root>
	<object type="score" gold="1" silver="3" />
	<object type="text" pos="1.5,0.4" rotation="0" text="LVL 4 | PAR 1" r="255" g="255" b="255" a="100" font="segoe-ui-light-48" h_align="left" v_align="bottom" />
	<object type="color" r="1" g="0" b="0" />
	<!-- HOLE -->
	<object type="hole" position="10,3" />

	<!-- LASERS -->
	<object type="laser" position="0.25,9.5" rotation="225" />
	
	<!-- PLAYER -->
	<object type="player" position="-2,-5" />

	<!-- WALLS -->
	<object type="wall" position="-18.5,0" size="1,21" rotation="0"/>
	<object type="wall" position="18.5,0" size="1,21" rotation="0"/>
	<object type="wall" position="0,-10" size="36,1" rotation="0"/>
	<object type="wall" position="0,10" size="36,1" rotation="0"/>
	
	<object type="wall" position="7.75,6" size="7.5,1" rotation="0"/>
	<object type="wall" position="7,0" size="9,1" rotation="0"/>
	<object type="wall" position="12,3" size="1,7" rotation="0"/>
	<object type="wall" position="2,-3" size="1,7" rotation="0"/>
	<object type="wall" position="-6,-5" size="1,3" rotation="0"/>
	<object type="wall" position="-2,-7" size="9,1" rotation="0"/>
	
	<!-- BACKGROUND WALLS - BOTTOM LEFT, working clockwise-->
	<object type="wall" position="-12.75, -5.5" size="12.5,4" rotation="0"/>
	<object type="wall" position="-8.25,-9" size="21.5,4" rotation="0"/>
	<object type="wall" position="7.5,-5.5" size="10,10" rotation="0"/>
	<object type="wall" position="15.75,0" size="6.5,21" rotation="0"/>
	<object type="wall" position="8.25,8.5" size="8.5,4" rotation="0"/>
	<object type="wall" position="-13.75,7" size="11.5,21" rotation="135"/>
	

	<!-- PLATFORMS -->
	<object type="platform" position="0,0" size="1,3" rotation="-45" moves="1" p1="-1,7" p2="-7,1" duration="2" time="0" rotationspeed="0"/>

	<!-- BORDER -->
	<object type="wall" position="0,13" size="38,5" rotation="0"/> 		<!-- top -->
	<object type="wall" position="0,-13" size="38,5" rotation="0"/> 	<!-- bottom -->
	<object type="wall" position="-21.5,0" size="5,31" rotation="0"/> 	<!-- left -->
	<object type="wall" position="21.5,0" size="5,31" rotation="0"/> 	<!-- right -->
	
</root>