<?xml version="1.0"?>
<!-- BLENDER LEVEL 3.8 AUTHOR ANDREW DIGGINS -->
 <!-- ORIGINAL LEVEL 26-->
<root>
	<object type="score" gold="2" silver="3" />
	<object type="text" pos="-14,0" rotation="0" text="LVL 32 | PAR 2" r="255" g="255" b="255" a="100" font="segoe-ui-light-48" h_align="left" v_align="middle" />
	<object type="color" r="1" g="0" b="1" />
	<!-- HOLE -->
	<object type="hole" position="-13,-5" />

	<!-- switches -->

	<!-- LASERS -->
	<object type="laser" position="12,10" rotation="270" />
	<object type="laser" position="-11.5,7.5" rotation="0" />
	<object type="laser" position="-11.5,-7.5" rotation="0" />
	<object type="laser" position="-14.5, 2" rotation="270" />
	
	<!-- PLAYER -->
	<object type="player" position="-13,5" />

	<!-- OUTER FRAME OF THE WALLS - top module then bottom-->
	<object type="wall" position="-12.75,7.5" size="2.5,1" rotation="0"/>
	<object type="wall" position="-14.5,5" size="1,6" rotation="0"/>
	<object type="wall" position="-12.75,2.5" size="2.5,1" rotation="0"/>
	
	<object type="wall" position="-12.75,-7.5" size="2.5,1" rotation="0"/>
	<object type="wall" position="-14.5,-5" size="1,6" rotation="0"/>
	<object type="wall" position="-12.75,-2.5" size="2.5,1" rotation="0"/>
	
	<!-- BACKGROUND WALLS - top working clockwise-->
	<object type="wall" position="2, 9.25" size="34,2.5" rotation="0"/>
	<object type="wall" position="15.75,0" size="6.5, 16" rotation="0"/>
	<object type="wall" position="2, -9.25" size="34, 2.5 " rotation="0"/>
	<object type="wall" position="-17, 0" size="4,21" rotation="0"/>

	<!-- ROTATING PLATFORMS -->
	<!--<object type="platform" position="0,7.7" size="0.5,2.6" rotation="0" rotating="1" rotationspeed="75"/>
	<object type="platform" position="0,5" size="2.6, 0.5" rotation="0" rotating="1" rotationspeed="75"/>
	<object type="platform" position="0,2.3" size="0.5,2.6" rotation="0" rotating="1" rotationspeed="75"/>
	-->
	<object type="platform" position="6,3" size="0.5,7" rotation="0" rotating="1" rotationspeed="30"/>
	<object type="platform" position="6,3" size="7,0.5" rotation="0" rotating="1" rotationspeed="30"/>	
	
	<object type="platform" position="6,-3" size="0.5,7" rotation="0" rotating="1" rotationspeed="-30"/>
	<object type="platform" position="6,-3" size="7,0.5" rotation="0" rotating="1" rotationspeed="-30"/>	

	<!-- BORDER -->
	<object type="wall" position="0,13" size="38,5" rotation="0"/> 		<!-- top -->
	<object type="wall" position="0,-13" size="38,5" rotation="0"/> 	<!-- bottom -->
	<object type="wall" position="-21.5,0" size="5,31" rotation="0"/> 	<!-- left -->
	<object type="wall" position="21.5,0" size="5,31" rotation="0"/> 	<!-- right -->
	
</root>