<?xml version="1.0"?>
<!-- BLENDER LEVEL 9 - AUTHOR ANDREW DIGGINS -->
<!-- ORIGINAL LEVEL 9 -->
<root>	
	<object type="score" gold="2" silver="3" />
	<object type="text" pos="3.2,0.95" rotation="0" text="LVL 12 | PAR 2" r="255" g="255" b="255" a="100" font="segoe-ui-light-48" h_align="left" v_align="bottom" />
	<object type="color" r="0" g="0" b="1" />
	<!-- HOLE -->
	<object type="hole" position="16,-4.25" />

	<!-- LASERS -->
	<object type="laser" position="5,0" rotation="180" p1="18,0.75" p2="18,-9.25" moving="1" duration="4" time="0" start_angle="0" delta_angle="45" rotation_duration="1" rotating="0" rotation_time="0" />
	<object type="laser" position="0,0" rotation="180" p1="18,-9.25" p2="18,0.75" moving="1" duration="6" time="0" start_angle="0" delta_angle="45" rotation_duration="1" rotating="0" rotation_time="0" />

	<object type="laser" position="-17,9" rotation="0" p1="0,0" p2="5,0" moving="0" duration="5" time="0" start_angle="0" delta_angle="45" rotation_duration="1" rotating="0" rotation_time="0" />
	<object type="laser" position="-17.5,8.5" rotation="270" p1="0,0" p2="5,0" moving="0" duration="5" time="0" start_angle="0" delta_angle="45" rotation_duration="1" rotating="0" rotation_time="0" />
	<object type="laser" position="-17,-9" rotation="0" p1="0,0" p2="5,0" moving="0" duration="5" time="0" start_angle="0" delta_angle="45" rotation_duration="10" rotating="0" rotation_time="0" />
	
	<!-- PLAYER -->
	<object type="player" position="3,5" />
	
	<!-- WALLS -->
	<!-- WALLS ON THE EDGE OF THE SCREEN -->
	<object type="wall" position="-18.5,0" size="1,21" rotation="0"/>
	<object type="wall" position="18.5,0" size="1,21" rotation="0"/>
	<object type="wall" position="0,-10" size="36,1" rotation="0"/>
	<object type="wall" position="0,10" size="36,1" rotation="0"/>
	
	<!-- MAIN FRAME - Top to bottom -->
	<object type="wall" position="0.25, 8.25" size="7.5, 2.5" rotation="0"/>
	<object type="wall" position="11, 5.75" size="14,7.5" rotation="0"/>
	<object type="wall" position="2, 2.5" size="4,1" rotation="0"/>
	<object type="wall" position="0.5, -0.5" size="1,5" rotation="0"/>
	<object type="wall" position="0.5, -7.5" size="1,4" rotation="0"/>
	
	<object type="wall" position="1.75, -9" size="1,3.5" rotation="45"/>
	<object type="wall" position="1.5, -9.1" size="1,1" rotation="0"/>
	<object type="wall" position="1.5, 1.7" size="1,1" rotation="0"/>
	<object type="wall" position="1.75, 1.25" size="1,3.5" rotation="-45"/>
	
	<object type="wall" position="-.75, -9" size="1,3.5" rotation="-45"/>
	<object type="wall" position="-.5, -9.1" size="1,1" rotation="0"/>
	
	<object type="wall" position="-17.5, -9" size="1,1" rotation="0"/>
	<object type="wall" position="-17.5, 9" size="1,1" rotation="0"/>
	
	

	<!-- PLATFORMS -->
	<!-- 
	object type="platform" position="0,0" size="1,3" rotation="-45" moves="1" p1="-6.2,7.3" p2="-9.8,3.7" duration="2" time="0" />
	<object type="platform" position="0,0" size="1,3" rotation="45" moves="1" p1="-6.2,-6" p2="-9.8,-2.4" duration="2" time="0" />
	-->
	<object type="platform" position="0,0" size="1,3" rotation="-45" moves="1" p1="-6.2,7.3" p2="-9.8,3.7" duration="2" time="0" />
	<object type="platform" position="0,0" size="1,3" rotation="45" moves="1" p1="-9.8,-2.4" p2="-6.2,-6" duration="2" time="0" />

	<!-- BORDER -->
	<object type="wall" position="0,13" size="38,5" rotation="0"/> 		<!-- top -->
	<object type="wall" position="0,-13" size="38,5" rotation="0"/> 	<!-- bottom -->
	<object type="wall" position="-21.5,0" size="5,31" rotation="0"/> 	<!-- left -->
	<object type="wall" position="21.5,0" size="5,31" rotation="0"/> 	<!-- right -->

</root>


