<?xml version="1.0"?>
<!-- BLENDER LEVEL 3.5 AUTHOR ANDREW DIGGINS -->
 <!-- ORIGINAL LEVEL 23-->
<root>
	<object type="score" gold="3" silver="7" />
	<object type="text" pos="0,-7.1" rotation="0" text="LVL 35 | PAR 3" r="255" g="255" b="255" a="100" font="segoe-ui-light-48" h_align="middle" v_align="bottom" />
	<object type="color" r="1" g="0" b="1" />
	<!-- HOLE -->
	<object type="hole" position="-14,6" />

	<!-- switches -->

	<!-- LASERS - starting top left, working clockwise -->
	<object type="laser" position="-12,7.5" rotation="0" />
	<object type="laser" position="12,7.5" rotation="180" />
	
	<object type="laser" position="15.5, 4" rotation="270" />
	<object type="laser" position="15.5, -4" rotation="90" />
	
	<object type="laser" position="-12,-7.5" rotation="0" />
	<object type="laser" position="12,-7.5" rotation="180" />
	
	<object type="laser" position="-15.5, 4" rotation="270" />
	<object type="laser" position="-15.5, -4" rotation="90" />
	
	<!-- PLAYER -->
	<object type="player" position="14,-6" />

	<!-- OUTER FRAME OF THE WALLS - starting from top left, working clockwise-->
	<object type="wall" position="-15.5,6" size="1,4" rotation="0"/>
	<object type="wall" position="-13.5,7.5" size="3,1" rotation="0"/>
	<object type="wall" position="0,7.5" size="4,1" rotation="0"/>
	<object type="wall" position="14,7.5" size="4,1" rotation="0"/>
	<object type="wall" position="15.5,5.5" size="1,3" rotation="0"/>
	<object type="wall" position="15.5, 0" size="1,3" rotation="0"/>
	<object type="wall" position="15.5,-6" size="1,4" rotation="0"/>
	<object type="wall" position="13.5,-7.5" size="3,1" rotation="0"/>
	<object type="wall" position="0,-7.5" size="4,1" rotation="0"/>
	<object type="wall" position="-14,-7.5" size="4,1" rotation="0"/>
	<object type="wall" position="-15.5, -5.5" size="1,3" rotation="0"/>
	<object type="wall" position="-15.5,0" size="1,3" rotation="0"/>

	<!-- BACKGROUND WALLS - starting top, working clockwise -->
	<object type="wall" position="0, 9.25" size="32,2.5" rotation="0"/>
	<object type="wall" position="17.5, 0" size="3,21" rotation="0"/>
	<object type="wall" position="0, -9.25" size="32,2.5" rotation="0"/>
	<object type="wall" position="-17.5, 0" size="3,21" rotation="0"/>
	
	
	<!-- PLATFORMS -->
	<!--
	<object type="platform" position="5.7, -3.8" size="0.5,7" rotation="0" rotating="1" rotationspeed="50"/>
	<object type="platform" position="5.7, -3.8" size="7,0.5" rotation="0" rotating="1" rotationspeed="50"/>
	
	<object type="platform" position="1.3, 3.2" size="0.5,7" rotation="0" rotating="1" rotationspeed="-50"/>
	<object type="platform" position="1.3, 3.2" size="7,0.5" rotation="0" rotating="1" rotationspeed="-50"/>
	
	<object type="platform" position="-7.2,-0.4" size="0.5,7" rotation="0" rotating="1" rotationspeed="50"/>
	<object type="platform" position="-7.2,-0.4" size="7,0.5" rotation="0" rotating="1" rotationspeed="50"/>
	-->
	
	<object type="platform" position="0,0" size="0.5,10" rotation="0" rotating="1" rotationspeed="40"/>
	<object type="platform" position="0,0" size="10,0.5" rotation="0" rotating="1" rotationspeed="40"/>
	

	<!-- BORDER -->
	<object type="wall" position="0,13" size="38,5" rotation="0"/> 		<!-- top -->
	<object type="wall" position="0,-13" size="38,5" rotation="0"/> 	<!-- bottom -->
	<object type="wall" position="-21.5,0" size="5,31" rotation="0"/> 	<!-- left -->
	<object type="wall" position="21.5,0" size="5,31" rotation="0"/> 	<!-- right -->
	
</root>