<?xml version="1.0"?>
<!-- BLENDER LEVEL 5 - AUTHOR ANDREW DIGGINS -->
<!-- ORIGINAL LEVEL 5 -->
<root>
	<object type="score" gold="4" silver="7" />
	<object type="text" pos="1,-0.6" rotation="0" text="LVL 11 | PAR 4" r="255" g="255" b="255" a="100" font="segoe-ui-light-48" h_align="middle" v_align="bottom" />
	<object type="color" r="0" g="0" b="1" />
	<!-- HOLE -->
	<object type="hole" position="10,-6" />

	<!-- LASERS -->
	<object type="laser" position="-18,4" rotation="0" p1="0,0" p2="5,0" moving="0" duration="5" time="0" start_angle="0" delta_angle="45" rotation_duration="1" rotating="0" rotation_time="0" />
	
	<!-- PLAYER -->
	<object type="player" position="-9,-6" />

	<!-- WALLS -->
	<object type="wall" position="0,9" size="38,3" rotation="0"/>
	<object type="wall" position="16,-1.5" size="6, 18" rotation="0"/>	
	<object type="wall" position="10,-8.75" size="6,3.5" rotation="0"/>	
	<object type="wall" position="-8.25,-8.75" size="8.5,3.5" rotation="0"/>
	<object type="wall" position="1.5,-5.5" size="11, 10" rotation="0"/>	
	<object type="wall" position="-15.75,6" size="6.5, 3" rotation="0"/>
	<object type="wall" position="-18.5,4" size="1,1" rotation="0"/>
	<object type="wall" position="-15.75,-3.5" size="6.5, 14" rotation="0"/>

	<!-- PLATFORMS -->
	<object type="platform" position="-12,5" size="1,2" rotation="0" moves="1" p1="-12,0" p2="-12,4.9" duration="2.5" time="0" />

	<!-- BORDER -->
	<object type="wall" position="0,13" size="38,5" rotation="0"/> 		<!-- top -->
	<object type="wall" position="0,-13" size="38,5" rotation="0"/> 	<!-- bottom -->
	<object type="wall" position="-21.5,0" size="5,31" rotation="0"/> 	<!-- left -->
	<object type="wall" position="21.5,0" size="5,31" rotation="0"/> 	<!-- right -->

</root>