<?xml version="1.0"?>
<!-- BLENDER LEVEL 4.2 AUTHOR ANDREW DIGGINS -->
 <!-- ORIGINAL LEVEL -unassigned- -->
<root>
	<object type="score" gold="2" silver="4" />
	<object type="color" r="1" g="0" b="0" />
	<object type="text" pos="2.4,-7.6" rotation="0" text="LVL 5 | PAR 2" r="255" g="255" b="255" a="100" font="segoe-ui-light-48" h_align="right" v_align="bottom" />
	<!-- HOLE -->
	<object type="hole" position="5,6" />

	<!-- switches -->

	<!-- LASERS - starting top left, working clockwise -->
	<object type="laser" position="-7,-2.5" rotation="90" />
	<object type="laser" position="0,8.5" rotation="180" />
	
	<!-- PLAYER -->
	<object type="player" position="-6,-5.5" />

	<!-- OUTER FRAME OF THE WALLS - starting from top right, working clockwise-->
	<object type="wall" position="3.25,8.5" size="6.5,1" rotation=""/>
	<object type="wall" position="7,6" size="1,6" rotation=""/>
	<object type="wall" position="4.5,3.5" size="4,1" rotation=""/>
	<object type="wall" position="3,-2.75" size="1,11.5" rotation=""/>
	<object type="wall" position="-2.25,-8" size="9.5,1" rotation=""/>
	<object type="wall" position="-7.5,-5.5" size="1,6" rotation=""/>
	<object type="wall" position="-5.75,-3" size="2.5,1" rotation=""/>

	<!-- BACKGROUND WALLS - starting top, working clockwise -->
	<object type="wall" position="-0.25, 9.75" size="15.5,1.5" rotation=""/>
	<object type="wall" position="13.25, 0" size="11.5, 21" rotation=""/>
	<object type="wall" position="5.5, -2.75" size="4,11.5" rotation=""/>
	<object type="wall" position="-0.25, -9.5" size="15.5,2" rotation=""/>
	<object type="wall" position="-13.5, 0" size="11, 21" rotation=""/>
	
	
	<!-- PLATFORMS -->
	<object type="platform"  size="0.5,2" rotation="0" moves="1" p1="-4.25,-2.5" p2="-4.25,7.5" duration="2.5" time="0.5" />
	

	<!-- BORDER -->
	<object type="wall" position="0,13" size="38,5" rotation="0"/> 		<!-- top -->
	<object type="wall" position="0,-13" size="38,5" rotation="0"/> 	<!-- bottom -->
	<object type="wall" position="-21.5,0" size="5,31" rotation="0"/> 	<!-- left -->
	<object type="wall" position="21.5,0" size="5,31" rotation="0"/> 	<!-- right -->
	
</root>