<?xml version="1.0"?>
<!-- BLENDER LEVEL 6 - AUTHOR THOMAS SKOWRON -->
<!-- ORIGINAL LEVEL 6 -->
<root>
	<object type="score" gold="0" silver="1" />
	<object type="text" pos="8.9,-5.1" rotation="0" text="LVL 7 | PAR 0" r="255" g="255" b="255" a="100" font="segoe-ui-light-48" h_align="right" v_align="bottom" />
	<object type="color" r="1" g="0" b="0" />
	<!-- HOLE -->
	<object type="hole" position="0,8" />

	<!-- LASERS -->
	<object type="laser" position="-9,5" rotation="0" p1="0,0" p2="5,0" moving="0" duration="5" time="0" start_angle="0" delta_angle="45" rotation_duration="1" rotating="0" rotation_time="0" />
	<object type="laser" position="-9,-5" rotation="0" p1="0,0" p2="5,0" moving="0" duration="5" time="0" start_angle="0" delta_angle="45" rotation_duration="1" rotating="0" rotation_time="0" />
	
	<!-- PLAYER -->
	<object type="player" position="0,-6" />

	<!-- WALLS -->
	<object type="wall" position="-18.5,0" size="1,21" rotation="0"/>
	<object type="wall" position="18.5,0" size="1,21" rotation="0"/>
	<object type="wall" position="0,-10" size="36,1" rotation="0"/>
	<object type="wall" position="0,10" size="36,1" rotation="0"/>
	
	<object type="wall" position="14,0" size="10,21" rotation="0"/>
	<object type="wall" position="-14,0" size="10,21" rotation="0"/>

	<!-- PLATFORMS -->
	<object type="platform" position="0,0" size="1,3" rotation="0" moves="1" p1="-3,-6" p2="-3,8" duration="2" time="0" />
	<object type="platform" position="0,0" size="1,3" rotation="0" moves="1" p1="3,-6" p2="3,8" duration="2" time="0" />

	<!-- BORDER -->
	<object type="wall" position="0,13" size="38,5" rotation="0"/> 		<!-- top -->
	<object type="wall" position="0,-13" size="38,5" rotation="0"/> 	<!-- bottom -->
	<object type="wall" position="-21.5,0" size="5,31" rotation="0"/> 	<!-- left -->
	<object type="wall" position="21.5,0" size="5,31" rotation="0"/> 	<!-- right -->
	
</root>