<?xml version="1.0"?>
 <!-- BLENDER LEVEL 2.3 AUTHOR ANDREW DIGGINS -->
 <!-- ORIGINAL LEVEL 12-->
<root>
	<object type="score" gold="4" silver="8" />
	<object type="text" pos="-8,-2" rotation="0" text="LVL 21 | PAR 4" r="255" g="255" b="255" a="100" font="segoe-ui-light-48" h_align="middle" v_align="bottom" />
	<object type="color" r="0" g="1" b="0" />
	<!-- HOLE -->
	<object type="hole" position="10.25, 6" />

	<!-- switches -->
	<object type="switch" switch_type="3" time="3" position="6.5, -4.5">
		<object type="laser" position="8,4.5" rotation="315" switch_bits="4" disabled="0"/>
		<object type="laser" position="12.5,4.5" rotation="225" switch_bits="4" disabled="0"/>
	</object>

	<!-- LASERS -->
	
	<!-- PLAYER -->
	<object type="player" position="-13.25, -6" />

	<!-- OUTER FRAME OF THE WALLS - starting far left, working clockwise-->
	<object type="wall" position="-17.25, 0" size="3.5,21" rotation="0"/>
		<object type="wall" position="-14.5, 2.5" size="7,1" rotation="45"/>
			<object type="wall" position="-14.5, 3.5" size="7,2" rotation="45"/>
	<object type="wall" position="-5.5, 7" size="20,7" rotation="0"/>
		<object type="wall" position="0.75,1.75" size="9.24,1" rotation="-30"/>
			<object type="wall" position="2.75,2.75" size="9.24,3.2" rotation="-30"/>
	<object type="wall" position="6.25,4.775" size="3.5, 11.5" rotation="0"/>
	<object type="wall" position="13.5,9.25" size="11, 3.5" rotation="0"/>
	<object type="wall" position="15.75, -1.5" size="6.5, 18" rotation="0"/>
		<object type="wall" position="11.5, -6.5" size="7,1" rotation="45"/>
			<object type="wall" position="13, -7.5" size="5,3" rotation="45"/>
	<object type="wall" position="3.75, -9" size="17.5, 3" rotation="0"/>
		<object type="wall" position="-0.38,-5.24" size="11.23, 1" rotation="-30"/>
			<object type="wall" position="-1.88,-7.24" size="11.23, 5" rotation="-30"/>
	<object type="wall" position="-8,-6.5" size="6, 9" rotation="0"/>
	<object type="wall" position="-13.25, -9" size="4.5, 3" rotation="0"/>

	<!-- PLATFORMS -->
	
	<!-- BORDER -->
	<object type="wall" position="0,13" size="38,5" rotation="0"/> 		<!-- top -->
	<object type="wall" position="0,-13" size="38,5" rotation="0"/> 	<!-- bottom -->
	<object type="wall" position="-21.5,0" size="5,31" rotation="0"/> 	<!-- left -->
	<object type="wall" position="21.5,0" size="5,31" rotation="0"/> 	<!-- right -->
	
</root>