<?xml version="1.0"?>
 <!-- BLENDER LEVEL 2.8 AUTHOR ANDREW DIGGINS -->
 <!-- ORIGINAL LEVEL 17-->
<root>
	<object type="score" gold="1" silver="2" />
	<object type="text" pos="0,-6" rotation="0" text="LVL 23 | PAR 1" r="255" g="255" b="255" a="100" font="segoe-ui-light-48" h_align="middle" v_align="bottom" />
	<object type="color" r="0" g="1" b="0" />
	<!-- HOLE -->
	<object type="hole" position="-13,0" />

	<!-- LASERS -->
	<object type="laser" position="-7,6" rotation="0" p1="0,0" p2="5,0" moving="0" duration="5" time="0" start_angle="270" delta_angle="0" rotation_duration="1" rotating="0" rotation_time="0"/>
	<object type="laser" position="-7,-6" rotation="0" p1="0,0" p2="5,0" moving="0" duration="5" time="0" start_angle="270" delta_angle="0" rotation_duration="1" rotating="0" rotation_time="0"/>
	<object type="laser" position="5.5,6.5" rotation="315" p1="0,0" p2="5,0" moving="0" duration="5" time="0" start_angle="270" delta_angle="0" rotation_duration="1" rotating="0" rotation_time="0"/>
	<object type="laser" position="5.5,-6.5" rotation="45" p1="0,0" p2="5,0" moving="0" duration="5" time="0" start_angle="270" delta_angle="0" rotation_duration="1" rotating="0" rotation_time="0"/>
	
	<!-- switches -->
	<object type="switch" switch_type="3" time="3" position="3.5,0">
		<object type="platform" position="0,0" size="1,2" rotation="0" moves="1" p1="16.5,0" p2="11.5,0" duration="2" progress="0" switch_bits="1" disabled_mov="1"/>
		<object type="platform" position="-11,0" size="0.5,3" rotation="0" switch_bits="4" disabled="0"/>
	</object>
	
	<!-- PLAYER -->
	<object type="player" position="-9.5,0" />

	<!-- OUTER FRAME OF THE WALLS - starting from top, working down-->
	<object type="wall" position="-13,7.75" size="12,5.5" rotation="0"/>
		<object type="wall" position="-9.1,3.6" size="4.88,1" rotation="45"/>
		<object type="wall" position="-9.6,5" size="4.88,2" rotation="45"/>
	<object type="wall" position="-14.74,3.25" size="8.5,3.5" rotation="0"/>
	<object type="wall" position="-16.5,0" size="5,3" rotation="0"/>
	<object type="wall" position="-14.74,-3.25" size="8.5,3.5" rotation="0"/>
		<object type="wall" position="-9.1,-3.6" size="4.88,1" rotation="-45"/>
		<object type="wall" position="-9.6,-5" size="4.88,2" rotation="-45"/>
	<object type="wall" position="-13,-7.75" size="12,5.5" rotation="0"/>
	<object type="wall" position="16.75,0" size="6.5,21" rotation="0"/>

	<!-- PLATFORMS -->

	<!-- BORDER -->
	<object type="wall" position="0,9" size="38,5" rotation="0"/> 		<!-- top -->
	<object type="wall" position="0,-9" size="38,5" rotation="0"/> 	<!-- bottom -->
	<object type="wall" position="-21.5,0" size="5,31" rotation="0"/> 	<!-- left -->
	<object type="wall" position="21.5,0" size="5,31" rotation="0"/> 	<!-- right -->
	
</root>