<?xml version="1.0"?>
 <!-- BLENDER LEVEL 2.6 AUTHOR ANDREW DIGGINS -->
 <!-- ORIGINAL LEVEL 15-->
<root>
	<object type="score" gold="5" silver="8" />
	<object type="text" pos="10,-5.9" rotation="30" text="LVL 24 | PAR 5" r="255" g="255" b="255" a="100" font="segoe-ui-light-48" h_align="middle" v_align="bottom" />
	<object type="color" r="0" g="1" b="0" />
	<!-- HOLE -->
	<object type="hole" position="-10.5, 6" />

	<!-- switches -->
	<object type="switch" switch_type="3" time="3" position="5, -6">
		<object type="platform" position="4.375,-0.25" size="3.25,0.5" switch_bits="4" disabled="1"/>
	</object>
	
	<object type="switch" switch_type="3" time="3" position="0.5, -6">
		<object type="platform" position="0,-0.25" size="4,0.5" switch_bits="4" disabled="0"/>
	</object>
	
	<object type="switch" switch_type="3" time="3" position="-4, -6">
		<object type="platform" position="-4.375,-0.25" size="3.25,0.5" switch_bits="4" disabled="1"/>
	</object>

	<!-- LASERS -->
	<object type="laser" position="4.5,1" rotation="270" p1="0,0" p2="5,0" moving="0" duration="5" time="0" start_angle="270" delta_angle="0" rotation_duration="1" rotating="0" rotation_time="0"/>
	<object type="laser" position="0,1" rotation="270" p1="0,0" p2="5,0" moving="0" duration="5" time="0" start_angle="270" delta_angle="0" rotation_duration="1" rotating="0" rotation_time="0"/>
	<object type="laser" position="-4.5,1" rotation="270" p1="0,0" p2="5,0" moving="0" duration="5" time="0" start_angle="270" delta_angle="0" rotation_duration="1" rotating="0" rotation_time="0"/>
	
	<!-- PLAYER -->
	<object type="player" position="10.5, 6" />

	<!-- OUTER FRAME OF THE WALLS - starting from top, working clockwise-->
	<object type="wall" position="0, 9" size="28, 3" rotation="0"/>
		<object type="wall" position="0, 4.25" size="14, 6.5" rotation="0"/>
		<object type="wall" position="-6.5, 0.25" size="1, 1.5" rotation="0"/>
		<object type="wall" position="-2.5, 0.25" size="1, 1.5" rotation="0"/>
		<object type="wall" position="2.5, 0.25" size="1, 1.5" rotation="0"/>
		<object type="wall" position="6.5, 0.25" size="1, 1.5" rotation="0"/>
	<object type="wall" position="16.5,0" size="5, 21" rotation="0"/>
		<object type="wall" position="-11.5,-5.5" size="9.75, 1" rotation="-30"/>
			<object type="wall" position="-11.5,-7.5" size="9.75, 3" rotation="-30"/>
	<object type="wall" position="0,-9" size="28, 3" rotation="0"/>
		<object type="wall" position="11.5,-5.5" size="9.75, 1" rotation="30"/>
			<object type="wall" position="11.5,-7.5" size="9.75, 3" rotation="30"/>
	<object type="wall" position="-16.5,0" size="5, 21" rotation="0"/>

	<!-- PLATFORMS -->

	<!-- BORDER -->
	<object type="wall" position="0,13" size="38,5" rotation="0"/> 		<!-- top -->
	<object type="wall" position="0,-13" size="38,5" rotation="0"/> 	<!-- bottom -->
	<object type="wall" position="-21.5,0" size="5,31" rotation="0"/> 	<!-- left -->
	<object type="wall" position="21.5,0" size="5,31" rotation="0"/> 	<!-- right -->
	
</root>