<?xml version="1.0"?>
<!-- BLENDER LEVEL 4.8 AUTHOR ANDREW DIGGINS -->
 <!-- ORIGINAL LEVEL -unassigned- -->
<root>
	<object type="score" gold="0" silver="1" />
	<object type="text" pos="-4.9,-9.1" rotation="0" text="LVL 2 | PAR 0" r="255" g="255" b="255" a="100" font="segoe-ui-light-48" h_align="left" v_align="bottom" />
	<object type="color" r="1" g="0" b="0" />
	<!-- HOLE -->
	<object type="hole" position="0,7.5" />

	<!-- switches -->

	<!-- LASERS - starting top left, working clockwise -->
	
	<!-- PLAYER -->
	<object type="player" position="0,-7.5" />

	<!-- OUTER FRAME OF THE WALLS - starting from top, working clockwise-->
	<object type="wall" position="0,9.75" size="10,1.5" rotation="0"/>
	<object type="wall" position="12,0" size="14,21" rotation="0"/>
	<object type="wall" position="0,-9.75" size="10,1.5" rotation="0"/>
	<object type="wall" position="-12,0" size="14,21" rotation="0"/>
	

	<!-- BACKGROUND WALLS - starting top, working clockwise -->
	
	
	<!-- PLATFORMS -->
	<object type="platform"  size="2, 0.5" rotation="0" moves="1" p1="-4,-2" p2="4,-2" duration="2" time="0.5" />
	<object type="platform"  size="2, 0.5" rotation="0" moves="1" p1="4,2" p2="-4,2" duration="2" time="0.5" />
	

	<!-- BORDER -->
	<object type="wall" position="0,13" size="38,5" rotation="0"/> 		<!-- top -->
	<object type="wall" position="0,-13" size="38,5" rotation="0"/> 	<!-- bottom -->
	<object type="wall" position="-21.5,0" size="5,31" rotation="0"/> 	<!-- left -->
	<object type="wall" position="21.5,0" size="5,31" rotation="0"/> 	<!-- right -->
	
</root>