<?xml version="1.0"?>
<!-- BLENDER LEVEL 4.3 AUTHOR ANDREW DIGGINS -->
 <!-- ORIGINAL LEVEL -unassigned- -->
<root>
	<object type="score" gold="3" silver="5" />	
	<object type="color" r="1" g="0" b="0" />
	<object type="text" pos="0,1.9" rotation="0" text="LVL 6 | PAR 3" r="255" g="255" b="255" a="100" font="segoe-ui-light-48" h_align="middle" v_align="bottom" />
	<!-- HOLE -->
	<object type="hole" position="-2,-3.5" />

	<!-- switches -->

	<!-- LASERS - starting top left, working clockwise -->
	<object type="laser" position="-8,-7.5" rotation="0" />
	
	<!-- PLAYER -->
	<object type="player" position="2,-3.5" />

	<!-- OUTER FRAME OF THE WALLS - starting from left, working clockwise-->
	<object type="wall" position="-8.5, -0.5" size="1,15" rotation="0"/>
	<object type="wall" position="-0.5,7.5" size="17,1" rotation="0"/>
	<object type="wall" position="8.5,1" size="1,14" rotation="0"/>
	<object type="wall" position="2.75,-5.5" size="10.5,1" rotation="0"/>
	<object type="wall" position="0,-3.5" size="2,3" rotation="0"/>
	<object type="wall" position="0,0" size="5,4" rotation="0"/>
	<object type="wall" position="-2,-7" size="1,2" rotation="0"/>
	

	<!-- BACKGROUND WALLS - starting top, working clockwise -->
	<object type="wall" position="0,9.25" size="18,2.5" rotation="0"/>
	<object type="wall" position="14,0" size="10,21" rotation="0"/>
	<object type="wall" position="3.75,-8.25" size="10.5,4.5" rotation="0"/>
	<object type="wall" position="-10.25,-9.25" size="17.5,2.5" rotation="0"/>
	<object type="wall" position="-14,1.25" size="10,18.5" rotation="0"/>
	
	
	<!-- PLATFORMS -->
	<!--
	<object type="platform" position="5.7, -3.8" size="0.5,7" rotation="0" rotating="1" rotationspeed="50"/>
	-->
	

	<!-- BORDER -->
	<object type="wall" position="0,13" size="38,5" rotation="0"/> 		<!-- top -->
	<object type="wall" position="0,-13" size="38,5" rotation="0"/> 	<!-- bottom -->
	<object type="wall" position="-21.5,0" size="5,31" rotation="0"/> 	<!-- left -->
	<object type="wall" position="21.5,0" size="5,31" rotation="0"/> 	<!-- right -->
	
</root>