<?xml version="1.0"?>
 <!-- BLENDER LEVEL 2.9 AUTHOR ANDREW DIGGINS -->
 <!-- ORIGINAL LEVEL 18-->
<root>
	<object type="score" gold="32" silver="40" />
	<object type="text" pos="0,-7.1" rotation="0" text="LVL 25 | PAR 32" r="255" g="255" b="255" a="100" font="segoe-ui-light-48" h_align="middle" v_align="bottom" />
	<object type="color" r="0" g="1" b="0" />
	<!-- HOLE -->
	<object type="hole" position="0,5" />

	<!-- switches -->
	<object type="switch" switch_type="3" time="3" position="-6.5,5.5">
		<object type="laser" position="-3,2.5" rotation="0" switch_bits="4" disabled="0"/>
	</object>
	
	<object type="switch" switch_type="3" time="3" position="6.5,5.5">
		<object type="laser" position="3,3.5" rotation="180" switch_bits="4" disabled="0"/>
	</object>

	<!-- LASERS -->
	
	<!-- PLAYER -->
	<object type="player" position="0,1" />

	<!-- OUTER FRAME OF THE WALLS - starting from top, working clockwise-->
	<object type="wall" position="0,7" size="6,1" rotation="0"/>
	
		
	<object type="wall" position="0,9" size="38,3" rotation="0"/>
	<object type="wall" position="14.25,0.25" size="1,14.5" rotation="0"/>
	<object type="wall" position="0,-8.75" size="38,3.5" rotation="0"/>
	
	<object type="wall" position="6.55,0.75" size="4.4,5.5" rotation="0"/>
		<object type="wall" position="4.02,-0.98" size="1.9,1" rotation="-45"/>
	<object type="wall" position="4.25,3.5" size="2.5,8.35" rotation="0"/>
	
	
	<object type="wall" position="-14.25,0.25" size="1,14.5" rotation="0"/>
		<object type="wall" position="-17.25,0.25" size="5,14.5" rotation="0"/>
		<object type="wall" position="17.25,0.25" size="5,14.5" rotation="0"/>
		
	<object type="wall" position="-6.55,0.75" size="4.4,5.5" rotation="0"/>
		<object type="wall" position="-4.02,-0.98" size="1.9,1" rotation="45"/>
	<object type="wall" position="-4.25,3.5" size="2.5,8.35" rotation="0"/>
	
	
	
	<!-- PLATFORMS -->

	<!-- BORDER -->
	<object type="wall" position="0,13" size="38,5" rotation="0"/> 		<!-- top -->
	<object type="wall" position="0,-13" size="38,5" rotation="0"/> 	<!-- bottom -->
	<object type="wall" position="-21.5,0" size="5,31" rotation="0"/> 	<!-- left -->
	<object type="wall" position="21.5,0" size="5,31" rotation="0"/> 	<!-- right -->
	
</root>