<?xml version="1.0"?>
 <!-- BLENDER LEVEL 2.7 AUTHOR ANDREW DIGGINS -->
 <!-- ORIGINAL LEVEL 16-->
<root>
	<object type="score" gold="16" silver="21" />
	<object type="text" pos="-4.2,-8" rotation="0" text="LVL 27 | PAR 16" r="255" g="255" b="255" a="100" font="segoe-ui-light-48" h_align="right" v_align="bottom" />
	<object type="color" r="0" g="1" b="0" />
	<!-- HOLE -->
	<object type="hole" position="13, 6" />

	<!-- LASERS -->
	<object type="laser" position="-9.5,-2" rotation="0" p1="0,0" p2="5,0" moving="0" duration="5" time="0" start_angle="270" delta_angle="0" rotation_duration="1" rotating="0" rotation_time="0"/>
	<object type="laser" position="-9.5,-1" rotation="0" p1="0,0" p2="5,0" moving="0" duration="5" time="0" start_angle="270" delta_angle="0" rotation_duration="1" rotating="0" rotation_time="0"/>
	<object type="laser" position="-9.5,0" rotation="0" p1="0,0" p2="5,0" moving="0" duration="5" time="0" start_angle="270" delta_angle="0" rotation_duration="1" rotating="0" rotation_time="0"/>
	<object type="laser" position="-9.5,1" rotation="0" p1="0,0" p2="5,0" moving="0" duration="5" time="0" start_angle="270" delta_angle="0" rotation_duration="1" rotating="0" rotation_time="0"/>
	
	<object type="laser" position="0.5, 8.5" rotation="270" p1="0,0" p2="5,0" moving="0" duration="5" time="0" start_angle="270" delta_angle="0" rotation_duration="1" rotating="0" rotation_time="0"/>
	<object type="laser" position="2, 8.5" rotation="270" p1="0,0" p2="5,0" moving="0" duration="5" time="0" start_angle="270" delta_angle="0" rotation_duration="1" rotating="0" rotation_time="0"/>
	<object type="laser" position="3.5, 8.5" rotation="270" p1="0,0" p2="5,0" moving="0" duration="5" time="0" start_angle="270" delta_angle="0" rotation_duration="1" rotating="0" rotation_time="0"/>
	<object type="laser" position="5, 8.5" rotation="270" p1="0,0" p2="5,0" moving="0" duration="5" time="0" start_angle="270" delta_angle="0" rotation_duration="1" rotating="0" rotation_time="0"/>
	<object type="laser" position="6.5, 8.5" rotation="270" p1="0,0" p2="5,0" moving="0" duration="5" time="0" start_angle="270" delta_angle="0" rotation_duration="1" rotating="0" rotation_time="0"/>
	
	<!-- switches -->
	<object type="switch" switch_type="3" time="3" position="-7,-4">
		<object type="platform" position="0,0" size="0.5,2.5" rotation="0" moves="1" p1="-9,-2.5" p2="-9, 1.5" duration="2" progress="0" switch_bits="1" disabled_mov="1"/>
	</object>
	
	<object type="switch" switch_type="3" time="3" position="-1.5, 6">
		<object type="platform" position="0,0" size="3,0.5" rotation="0" moves="1" p1="-1.5,8" p2="6.5, 8" duration="2" progress="0" switch_bits="1" disabled_mov="1"/>
	</object>
	
	<!-- PLAYER -->
	<object type="player" position="-13,-6" />

	<!-- OUTER FRAME OF THE WALLS - starting from top, working clockwise-->
	<object type="wall" position="4.75, 9.5" size="28.5, 2" rotation="0"/>
	<object type="wall" position="17.5,6" size="3,5" rotation="0"/>
	<object type="wall" position="8.5, -3.5" size="21, 14" rotation="0"/>
		<object type="wall" position="-2.65,2.14" size="2.77,1" rotation="45"/>	
		<object type="wall" position="-2,2" size="2.77,1" rotation="45"/>
	<object type="wall" position="-3,-4.5" size="2, 12" rotation="0"/>
	<object type="wall" position="-11.5,-9.25" size="15, 2.5" rotation="0"/>
	<object type="wall" position="-16.75,-6" size="4.5,4" rotation="0"/>
	<object type="wall" position="-14.25,3.25" size="9.5, 14.5" rotation="0"/>
		<object type="wall" position="-7.5,6.5" size="7,1" rotation="45"/>
		<object type="wall" position="-8.5,7.5" size="7, 3" rotation="45"/>

	<!-- PLATFORMS -->

	<!-- BORDER -->
	<object type="wall" position="0,13" size="38,5" rotation="0"/> 		<!-- top -->
	<object type="wall" position="0,-13" size="38,5" rotation="0"/> 	<!-- bottom -->
	<object type="wall" position="-21.5,0" size="5,31" rotation="0"/> 	<!-- left -->
	<object type="wall" position="21.5,0" size="5,31" rotation="0"/> 	<!-- right -->
	
	
</root>