<?xml version="1.0"?>
<!-- BLENDER LEVEL 3.5 AUTHOR ANDREW DIGGINS -->
 <!-- ORIGINAL LEVEL 23-->
<root>
	<object type="score" gold="3" silver="5" />
	<object type="text" pos="0,-2.5" rotation="0" text="LVL 14 | PAR 3" r="255" g="255" b="255" a="100" font="segoe-ui-light-48" h_align="middle" v_align="bottom" />
	<object type="color" r="0" g="0" b="1" />
	<!-- HOLE -->
	<object type="hole" position="-3,-7" />

	<!-- switches -->

	<!-- LASERS - starting top left, working clockwise -->
	<object type="laser" position="0,0" start_angle="0" rotating="1" rotation_speed="180"/>
	
	<!-- PLAYER -->
	<object type="player" position="3,-7" />

	<!-- BACKGROUND WALLS - starting top, working clockwise -->
	<object type="wall" position="0, -6" size="3,7" rotation="0"/>
	
	<object type="wall" position="0, 10" size="38,1" rotation="0"/>
	<object type="wall" position="18.5, 0" size="1,21" rotation="0"/>
	<object type="wall" position="0, -10" size="38,1" rotation="0"/>
	<object type="wall" position="-18.5, 0" size="1,21" rotation="0"/>
	
	
	<!-- PLATFORMS -->

	<!-- BORDER -->
	<object type="wall" position="0,13" size="38,5" rotation="0"/> 		<!-- top -->
	<object type="wall" position="0,-13" size="38,5" rotation="0"/> 	<!-- bottom -->
	<object type="wall" position="-21.5,0" size="5,31" rotation="0"/> 	<!-- left -->
	<object type="wall" position="21.5,0" size="5,31" rotation="0"/> 	<!-- right -->
	
</root>