<?xml version="1.0"?>
 <!-- BLENDER LEVEL 2.5 AUTHOR ANDREW DIGGINS -->
 <!-- ORIGINAL LEVEL 14-->
<root>
	<object type="score" gold="3" silver="6" />
	<object type="text" pos="0,-3.6" rotation="0" text="LVL 26 | PAR 3" r="255" g="255" b="255" a="100" font="segoe-ui-light-48" h_align="middle" v_align="bottom" />
	<object type="color" r="0" g="1" b="0" />
	<!-- HOLE -->
	<object type="hole" position="0, 6" />

	<!-- switches -->
	<object type="switch" switch_type="3" time="3" position="-8, -5.75">
		<object type="platform" position="0,0" size="0.5,1.5" rotation="0" moves="1" p1="-4,-1" p2="-4, 6.5" duration="2" progress="0" switch_bits="1" disabled_mov="0"/>
	</object>
	
	<object type="switch" switch_type="3" time="3" position="8, -5.75">
		<object type="platform" position="0,0" size="0.5,1.5" rotation="0" moves="1" p1="4,-1" p2="4, 6.5" duration="2" progress="0" switch_bits="1" disabled_mov="0"/>
	</object>

	<!-- LASERS -->
	<object type="laser" position="5, 4" rotation="180" p1="0,0" p2="5,0" moving="0" duration="5" time="0" start_angle="270" delta_angle="0" rotation_duration="1" rotating="0" rotation_time="0"/>
	<object type="laser" position="-5, 0" rotation="0" p1="0,0" p2="5,0" moving="0" duration="5" time="0" start_angle="270" delta_angle="0" rotation_duration="1" rotating="0" rotation_time="0"/>
	
	<!-- PLAYER -->
	<object type="player" position="0, -5.75" />

	<!-- OUTER FRAME OF THE WALLS - starting from top, working clockwise-->
	
	<object type="wall" position="0, 9" size="10, 3" rotation="0"/>
	<object type="wall" position="12, 3.25" size="14, 14.5" rotation="0"/>
	<object type="wall" position="4, -3" size="2, 2" rotation="0"/>
	<object type="wall" position="15.25, -5.75" size="7.5, 3.5" rotation="0"/>
	<object type="wall" position="0, -9" size="38, 3" rotation="0"/>
	<object type="wall" position="-15.25, -5.75" size="7.5, 3.5" rotation="0"/>
	
	<object type="wall" position="-4, -3" size="2, 2" rotation="0"/>
	<object type="wall" position="-12, 3.25" size="14, 14.5" rotation="0"/>

	<!-- PLATFORMS -->
	<object type="platform" size="3,0.5" rotation="45" moves="1" p1="-1.8,-11.75" p2="-1.8,-6" duration="2" time="0" />
	<object type="platform" size="3,0.5" rotation="-45" moves="1" p1="1.8,-11.75" p2="1.8,-6" duration="2" time="0" />

	<!-- BORDER -->
	<object type="wall" position="0,13" size="38,5" rotation="0"/> 		<!-- top -->
	<object type="wall" position="0,-13" size="38,5" rotation="0"/> 	<!-- bottom -->
	<object type="wall" position="-21.5,0" size="5,31" rotation="0"/> 	<!-- left -->
	<object type="wall" position="21.5,0" size="5,31" rotation="0"/> 	<!-- right -->
	
</root>