<?xml version="1.0"?>	
<!-- NO BLENDER LEVEL - AUTHOR ANDREW DIGGINS -->
<!-- ORIGINAL LEVEL 1 -->
<root>
	<object type="score" gold="1" silver="3" />
	<!--<object type="text" pos="-11.4,-8.1" rotation="0" text="level 1" r="255" g="255" b="255" a="100" font="elemental-end-30" h_align="left" v_align="bottom" />-->
	<object type="text" pos="-11.4,-8.1" rotation="0" text="level 1" r="255" g="255" b="255" a="100" font="segoe-ui-light-48" h_align="left" v_align="bottom" />
	<object type="color" r="1" g="0" b="0" />
	<!-- HOLE -->
	<object type="hole" position="-7,6" />

	<!-- LASERS -->
	
	<!-- PLAYER -->
	<object type="player" position="7,6" />

	<!-- WALLS -->
	<object type="wall" position="0,5.25" size="6,10.5" rotation="0"/>
	<object type="wall" position="0,9.25" size="38,2.5." rotation="0"/>
	<object type="wall" position="-15.25,0" size="7.5,16" rotation="0"/>
	<object type="wall" position="15.25,0" size="7.5,16" rotation="0"/>
	<object type="wall" position="0,-9.25" size="38,2.5" rotation="0"/>

	<!-- PLATFORMS -->


	<!-- BORDER -->
	<object type="wall" position="0,13" size="38,5" rotation="0"/> 		<!-- top -->
	<object type="wall" position="0,-13" size="38,5" rotation="0"/> 	<!-- bottom -->
	<object type="wall" position="-21.5,0" size="5,31" rotation="0"/> 	<!-- left -->
	<object type="wall" position="21.5,0" size="5,31" rotation="0"/> 	<!-- right -->
	
</root>