<?xml version="1.0"?>
<!-- BLENDER LEVEL 3.7 AUTHOR ANDREW DIGGINS -->
 <!-- ORIGINAL LEVEL 25-->
<root>
	<object type="score" gold="2" silver="6" />
	<object type="text" pos="-13.8,0.9" rotation="0" text="LVL 33 | PAR 2" r="255" g="255" b="255" a="100" font="segoe-ui-light-48" h_align="left" v_align="bottom" />
	<object type="color" r="1" g="0" b="1" />
	<!-- HOLE -->
	<object type="hole" position="10,-7" />

	<!-- switches -->

	<!-- LASERS -->
	<object type="laser" position="5,-1" rotation="0" />
	<object type="laser" position="15,-1" rotation="180" />
	<object type="laser" position="-15.4, 7.8" rotation="270" />
	
	<!-- PLAYER -->
	<object type="player" position="-14,5" />

	<!-- OUTER FRAME OF THE WALLS - top left, working clockwise-->
	<object type="wall" position="-0.25,9.5" size="32,1" rotation="0"/>
	<object type="wall" position="-14.73,8.93" size="4,1" rotation="45"/>
	<object type="wall" position="15.5, 0.25" size="1,19.5" rotation="0"/>
	<object type="wall" position="12.11,5.81" size="10,1" rotation="-45"/>
	<object type="wall" position="10,-9" size="10,1" rotation="0"/>
	<object type="wall" position="13.93,-7.5" size="4,1" rotation="45"/>
	<object type="wall" position="4.5, -4.75" size="1,9.5" rotation="0"/>
	<object type="wall" position="6.06,-7.5" size="4,1" rotation="-45"/>
	<object type="wall" position="-5.75,0.5" size="21.5,1" rotation="0"/>
	<object type="wall" position="-14.73,1.06" size="4,1" rotation="-45"/>
	<object type="wall" position="-16,5" size="1,10" rotation="0"/>
	
	<!-- BACKGROUND WALLS - top, working clockwise -->
	<object type="wall" position="-0.25, 10.25" size="32.5, 0.5" rotation="0"/>
	<object type="wall" position="13.5, 7.75" size="10,4.5" rotation="-45"/>
	<object type="wall" position="17.5, 0" size="3,21" rotation="0"/>
	<object type="wall" position="14.25,-8.5" size="4,1" rotation="45"/>
	<object type="wall" position="10, -10" size="12,1" rotation="0"/>
	<object type="wall" position="5.75,-8.5" size="4,1" rotation="-45"/>
	<object type="wall" position="-7.5, -5.25" size="23,10.5" rotation="0"/>
	<object type="wall" position="-17.75, 5.25" size="2.5, 10.5" rotation="0"/>
	<object type="wall" position="-15.5, 1" size="1,1" rotation="45"/>
	<object type="wall" position="-15.5, 9" size="1,1" rotation="45"/>
	
	

	<!-- ROTATING PLATFORMS -->
	<!--<object type="platform" position="0,7.7" size="0.5,2.6" rotation="0" rotating="1" rotationspeed="75"/>
	<object type="platform" position="0,5" size="2.6, 0.5" rotation="0" rotating="1" rotationspeed="75"/>
	<object type="platform" position="0,2.3" size="0.5,2.6" rotation="0" rotating="1" rotationspeed="75"/>
	-->
	<object type="platform" position="7.3, -1" size="0.5,2.6" rotation="0" rotating="1" rotationspeed="-75"/>
	<object type="platform" position="12,-1" size="0.5,2.6" rotation="0" rotating="1" rotationspeed="75"/>
	
	<object type="platform" position="-3,5" size="0.5,2.6" rotation="0" rotating="1" rotationspeed="75"/>
	

	<!-- BORDER -->
	<object type="wall" position="0,13" size="38,5" rotation="0"/> 		<!-- top -->
	<object type="wall" position="0,-13" size="38,5" rotation="0"/> 	<!-- bottom -->
	<object type="wall" position="-21.5,0" size="5,31" rotation="0"/> 	<!-- left -->
	<object type="wall" position="21.5,0" size="5,31" rotation="0"/> 	<!-- right -->
	
</root>