<?xml version="1.0"?>
 <!-- BLENDER LEVEL 2.2 AUTHOR ANDREW DIGGINS -->
 <!-- ORIGINAL LEVEL 11-->
<root>
	<object type="score" gold="12" silver="17" />
	<object type="text" pos="-13.9,-2.6" rotation="0" text="LVL 20 | PAR 12" r="255" g="255" b="255" a="100" font="segoe-ui-light-48" h_align="left" v_align="bottom" />
	<object type="color" r="0" g="1" b="0" />
	<!-- HOLE -->
	<object type="hole" position="-12,-5" />

	<!-- switches -->
	<object type="switch" switch_type="3" time="3" position="11.5,-6.5">
		<object type="platform" position="3.5,0.25" size="6,0.5" switch_bits="4" disabled="0" />
	</object>

	<!-- LASERS -->
	
	<!-- PLAYER -->
	<object type="player" position="3,6" />

	<!-- OUTER FRAME OF THE WALLS - starting top, working clockwise-->
	<object type="wall" position="0,9.5" size="38,3" rotation="0"/>
	<object type="wall" position="17," size="6,16" rotation="0"/>
	<object type="wall" position="0,-9.5" size="38,3" rotation="0"/>
	<object type="wall" position="-16.5,-4.75" size="5,6.5" rotation="0"/>
	<object type="wall" position="-9.5,3.25" size="20,9.5" rotation="0"/>
	
	<object type="wall" position="7.75, -3.25" size="2.5,9.5" rotation="0"/>

	<!-- PLATFORMS -->

	<!-- BORDER -->
	<object type="wall" position="0,13" size="38,5" rotation="0"/> 		<!-- top -->
	<object type="wall" position="0,-13" size="38,5" rotation="0"/> 	<!-- bottom -->
	<object type="wall" position="-21.5,0" size="5,31" rotation="0"/> 	<!-- left -->
	<object type="wall" position="21.5,0" size="5,31" rotation="0"/> 	<!-- right -->
	
</root>