<?xml version="1.0"?>
 <!-- BLENDER LEVEL 2.1 AUTHOR ANDREW DIGGINS -->
 <!-- ORIGINAL LEVEL 10-->
<root>
	<object type="score" gold="0" silver="1" />
	<object type="text" pos="1,-3.6" rotation="0" text="LVL 19 | PAR 0" r="255" g="255" b="255" a="100" font="segoe-ui-light-48" h_align="middle" v_align="bottom" />
	<object type="color" r="0" g="1" b="0" />
	<!-- HOLE -->
	<object type="hole" position="10,0" />

	<!-- switches -->
	<object type="switch" switch_type="3" time="3" position="1.5,0">
		<object type="platform" position="4.5,0" size="0.5,5.4" switch_bits="4" disabled="0" />
	</object>

	<!-- LASERS -->
	
	<!-- PLAYER -->
	<object type="player" position="-10,0" />

	<!-- OUTER FRAME OF THE WALLS - starting top, working clockwise-->
	<object type="wall" position="0,7.5" size="24,8" rotation="0"/>
	<object type="wall" position="4.5, -3.35" size="1,1.3" rotation="0"/>
	<object type="wall" position="15.5, 0" size="7,24" rotation="0"/>
	<object type="wall" position="0,-7.5" size="24,8" rotation="0"/>
	<object type="wall" position="4.5, 3.35" size="1,1.3" rotation="0"/>	
	<object type="wall" position="-15.5, 0" size="7,24" rotation="0"/>
	
	
	

	<!-- PLATFORMS -->
	
	<!-- BORDER -->
	<object type="wall" position="0,13" size="38,5" rotation="0"/> 		<!-- top -->
	<object type="wall" position="0,-13" size="38,5" rotation="0"/> 	<!-- bottom -->
	<object type="wall" position="-21.5,0" size="5,31" rotation="0"/> 	<!-- left -->
	<object type="wall" position="21.5,0" size="5,31" rotation="0"/> 	<!-- right -->
	
</root>