<?xml version="1.0"?>
<!-- BLENDER LEVEL 4.1 AUTHOR ANDREW DIGGINS -->
 <!-- ORIGINAL LEVEL -unassigned- -->
<root>
	<object type="score" gold="1" silver="3" />
	<object type="color" r="1" g="0" b="0" />
	<object type="text" pos="0,0.3" rotation="0" text="LVL 3 | PAR 1" r="255" g="255" b="255" a="100" font="segoe-ui-light-48" h_align="middle" v_align="bottom" />
	<!-- HOLE -->
	<object type="hole" position="0,7" />

	<!-- switches -->

	<!-- LASERS - starting top left, working clockwise -->
	<object type="laser" position="12.5,9" rotation="270" />
	<object type="laser" position="-12.5,-9" rotation="90" />
	
	<!-- PLAYER -->
	<object type="player" position="0,-8" />

	<!-- OUTER FRAME OF THE WALLS - only centre wall required-->
	<object type="wall" position="0,0" size="6,1" rotation="0"/>

	<!-- BACKGROUND WALLS - starting top, working clockwise -->
	<object type="wall" position="0,9.75" size="26,1.5" rotation="0"/>
	<object type="wall" position="16,0" size="6,21" rotation="0"/>
	<object type="wall" position="0,-9.75" size="26,1.5" rotation="0"/>
	<object type="wall" position="-16,0" size="6,21" rotation="0"/>
	
	
	<!-- PLATFORMS -->
	<object type="platform"  size="0.5,3" rotation="0" moves="1" p1="-11,6" p2="-11,-6" duration="2.5" time="0" />
	<object type="platform"  size="0.5,3" rotation="0" moves="1" p1="11,6" p2="11,-6" duration="2.5" time="0" />
	

	<!-- BORDER -->
	<object type="wall" position="0,13" size="38,5" rotation="0"/> 		<!-- top -->
	<object type="wall" position="0,-13" size="38,5" rotation="0"/> 	<!-- bottom -->
	<object type="wall" position="-21.5,0" size="5,31" rotation="0"/> 	<!-- left -->
	<object type="wall" position="21.5,0" size="5,31" rotation="0"/> 	<!-- right -->
	
</root>