<?xml version="1.0"?>
<!-- BLENDER LEVEL 4.7 AUTHOR ANDREW DIGGINS -->
 <!-- ORIGINAL LEVEL -unassigned- -->
<root>
	<object type="score" gold="0" silver="1" />
	<object type="color" r="1" g="0" b="0" />
	<object type="text" pos="-10.4,-5.6" rotation="0" text="LVL 8 | PAR 0" r="255" g="255" b="255" a="100" font="segoe-ui-light-48" h_align="left" v_align="bottom" />
	<!-- HOLE -->
	<object type="hole" position="11,0" />

	<!-- switches -->

	<!-- LASERS - starting top left, working clockwise -->
	<object type="laser"  size="3, 0.5" rotation="270" moving="1" p1="-8,5.5" p2="1,5.5" duration="2" time="0.5" />
	<object type="laser"  size="3, 0.5" rotation="270" moving="1" p1="0,5.5" p2="9,5.5" duration="2" time="0.5" />
	
	<object type="laser" position="-10.5,-4.5" rotation="0" />
	
	<!-- PLAYER -->
	<object type="player" position="-11,0" />

	<!-- OUTER FRAME OF THE WALLS - starting from top , working clockwise-->
	<object type="wall" position="0,6" size="21,1" rotation="0"/>
	<object type="wall" position="11,4.75" size="1,3.5" rotation="0"/>
	<object type="wall" position="11.5, 2.5" size="2,1" rotation="0"/>
	<object type="wall" position="13,0" size="1,6" rotation="0"/>
	<object type="wall" position="11.5,-2.5" size="2,1" rotation="0"/>
	<object type="wall" position="11,-4.75" size="1,3.5" rotation="0"/>
	<object type="wall" position="0,-6" size="21,1" rotation="0"/>
	<object type="wall" position="-11,-4.75" size="1,3.5" rotation="0"/>
	<object type="wall" position="-11.5, -2.5" size="2,1" rotation="0"/>
	<object type="wall" position="-13,0" size="1,6" rotation="0"/>
	<object type="wall" position="-11.5,2.5" size="2,1" rotation="0"/>
	<object type="wall" position="-11,4.75" size="1,3.5" rotation="0"/>
	
	
	<object type="wall" position="-7.5,2.5" size="2,1" rotation="0"/>
	<object type="wall" position="-3.5,2.5" size="2,1" rotation="0"/>
	<object type="wall" position="0.5,2.5" size="2,1" rotation="0"/>
	<object type="wall" position="4.5,2.5" size="2,1" rotation="0"/>
	<object type="wall" position="8.5,2.5" size="2,1" rotation="0"/>

	<!-- BACKGROUND WALLS - starting top, working clockwise -->
	<object type="wall" position="0,8.5" size="27,4" rotation="0"/>
	<object type="wall" position="12.5,4.75" size="2,3.5" rotation="0"/>
	<object type="wall" position="16.25,0" size="5.5,21" rotation="0"/>
	<object type="wall" position="12.5,-4.75" size="2,3.5" rotation="0"/>
	
	<object type="wall" position="0,-8.5" size="27,4" rotation="0"/>
	<object type="wall" position="-12.5,-4.75" size="2,3.5" rotation="0"/>
	<object type="wall" position="-16.25,0" size="5.5,21" rotation="0"/>
	<object type="wall" position="-12.5,4.75" size="2,3.5" rotation="0"/>
	
	<!-- PLATFORMS -->
	<!--
	<object type="platform" position="5.7, -3.8" size="0.5,7" rotation="0" rotating="1" rotationspeed="50"/>
	-->
	

	<!-- BORDER -->
	<object type="wall" position="0,13" size="38,5" rotation="0"/> 		<!-- top -->
	<object type="wall" position="0,-13" size="38,5" rotation="0"/> 	<!-- bottom -->
	<object type="wall" position="-21.5,0" size="5,31" rotation="0"/> 	<!-- left -->
	<object type="wall" position="21.5,0" size="5,31" rotation="0"/> 	<!-- right -->
	
</root>