<?xml version="1.0"?>
<!-- BLENDER LEVEL 4.5 AUTHOR ANDREW DIGGINS -->
 <!-- ORIGINAL LEVEL -unassigned- -->
<root>
	<object type="score" gold="3" silver="4" />
	<object type="color" r="0" g="0" b="1" />
	<object type="text" pos="-8.5,-7.1" rotation="0" text="LVL 10 | PAR 3" r="255" g="255" b="255" a="100" font="segoe-ui-light-48" h_align="left" v_align="bottom" />
	<!-- HOLE -->
	<object type="hole" position="-6,-3.5" />

	<!-- switches -->

	<!-- LASERS - starting top left, working clockwise -->
	<object type="laser" position="-8.5,-9" rotation="0" />
	<object type="laser" position="-9,8.5" rotation="270" />
	<object type="laser" position="8.5,9" rotation="180" />
	<object type="laser" position="9,-8.5" rotation="90" />
	
	<!-- PLAYER -->
	<object type="player" position="-6,0" />

	<!-- OUTER FRAME OF THE WALLS - starting from left, working clockwise-->
	<object type="wall" position="-8,-2.5" size="1,7" rotation="0"/>
	<object type="wall" position="-6,-1.5" size="3,1" rotation="0"/>
	<object type="wall" position="-4,-0.5" size="1,3" rotation="0"/>
	<object type="wall" position="-6,-5.5" size="3,1" rotation="0"/>
	
	<object type="wall" position="9,9" size="1,1" rotation="0"/>
	<object type="wall" position="-9,9" size="1,1" rotation="0"/>
	<object type="wall" position="-9,-9" size="1,1" rotation="0"/>
	<object type="wall" position="9,-9" size="1,1" rotation="0"/>

	<!-- BACKGROUND WALLS - starting top, working clockwise -->
	<object type="wall" position="0,10" size="19,1" rotation="0"/>
	<object type="wall" position="14.25,0" size="9.5,21" rotation="0"/>
	<object type="wall" position="0,-10" size="19,1" rotation="0"/>
	<object type="wall" position="-14.25,0" size="9.5,21" rotation="0"/>
	
	
	<!-- PLATFORMS -->
	<object type="platform"  size="3, 0.5" rotation="45" moves="1" p1="-7.76, 4.23" p2="-4.23,7.76" duration="2" time="0.5" />
	<object type="platform"  size="3, 0.5" rotation="-45" moves="1" p1="4.23,7.76" p2="7.76,4.23" duration="2" time="0.5" />
	<object type="platform"  size="3, 0.5" rotation="45" moves="1" p1="4.23,-6.26" p2="7.76, -2.73" duration="2" time="0.5" />
	

	<!-- BORDER -->
	<object type="wall" position="0,13" size="38,5" rotation="0"/> 		<!-- top -->
	<object type="wall" position="0,-13" size="38,5" rotation="0"/> 	<!-- bottom -->
	<object type="wall" position="-21.5,0" size="5,31" rotation="0"/> 	<!-- left -->
	<object type="wall" position="21.5,0" size="5,31" rotation="0"/> 	<!-- right -->
	
</root>