<?xml version="1.0"?>
<!-- BLENDER LEVEL 4.4 AUTHOR ANDREW DIGGINS -->
 <!-- ORIGINAL LEVEL -unassigned- -->
<root>
	<object type="score" gold="14" silver="20" />
	<object type="color" r="0" g="0" b="1" />
	<object type="text" pos="-12,-3.1" rotation="0" text="LVL 17 | PAR 14" r="255" g="255" b="255" a="100" font="segoe-ui-light-48" h_align="left" v_align="bottom" />
	<!-- HOLE -->
	<object type="hole" position="10,-4.5" />

	<!-- switches -->

	<!-- LASERS - starting top left, working clockwise -->
	<object type="laser" position="-6,2.5" rotation="270" />
	<object type="laser" position="-4,2.5" rotation="270" />
	<object type="laser" position="-2,2.5" rotation="270" />
	<object type="laser" position="0,2.5" rotation="270" />
	<object type="laser" position="2,2.5" rotation="270" />
	<object type="laser" position="4,2.5" rotation="270" />
	<object type="laser" position="6,2.5" rotation="270" />
	
	<!-- PLAYER -->
	<object type="player" position="-10,3" />

	<!-- OUTER FRAME OF THE WALLS - starting from top left, working clockwise-->
	<object type="wall" position="-10,5" size="4,1" rotation="0"/>
	<object type="wall" position="-7.5,4" size="1,3" rotation="0"/>
	<object type="wall" position="3,3" size="20,1" rotation="0"/>
	<object type="wall" position="12.5, -2.25" size="1,9.5" rotation="0"/>
	<object type="wall" position="10,-6.5" size="4,1" rotation="0"/>
	<object type="wall" position="7.5,-5" size="1,4" rotation="0"/>
	<object type="wall" position="-3,-3.5" size="20,1" rotation="0"/>
	<object type="wall" position="-12.5,1.25" size="1,8.5" rotation="0"/>

	<!-- BACKGROUND WALLS - starting top left, working clockwise -->
	<object type="wall" position="-10,8" size="6,5" rotation="0"/>
	<object type="wall" position="6,7" size="26,7" rotation="0"/>
	<object type="wall" position="16, -3.5" size="6,14" rotation="0"/>
	<object type="wall" position="10, -8.75" size="6,3.5" rotation="0"/>
	<object type="wall" position="-6,-7.25" size="26,6.5" rotation="0"/>
	<object type="wall" position="-16, 3.25" size="6,14.5" rotation="0"/>
	
	<!-- PLATFORMS -->
	<object type="platform"  size="4, 0.5" moves="1" p1="-6,1.75" p2="8,1.75" duration="5" time="0.5" />
	

	<!-- BORDER -->
	<object type="wall" position="0,13" size="38,5" rotation="0"/> 		<!-- top -->
	<object type="wall" position="0,-13" size="38,5" rotation="0"/> 	<!-- bottom -->
	<object type="wall" position="-21.5,0" size="5,31" rotation="0"/> 	<!-- left -->
	<object type="wall" position="21.5,0" size="5,31" rotation="0"/> 	<!-- right -->
	
</root>