<?xml version="1.0"?>
<!-- BLENDER LEVEL 7 - AUTHOR ANDREW DIGGINS -->
<!-- ORIGINAL LEVEL 7 -->
<root>
	<object type="score" gold="11" silver="17" />
	<object type="text" pos="-9.9,6.9" rotation="0" text="LVL 18 | PAR 11" r="255" g="255" b="255" a="100" font="segoe-ui-light-48" h_align="left" v_align="bottom" />
	<object type="color" r="0" g="0" b="1" />
	<!-- HOLE -->
	<object type="hole" position="-7.5,-2" />

	<!-- LASERS -->
	<!-- Top Row Lasers -->
	<object type="laser" position="-1.6,3" rotation="90" p1="0,0" p2="5,0" moving="0" duration="5" time="0" start_angle="0" delta_angle="45" rotation_duration="1" rotating="0" rotation_time="0"/>
	<object type="laser" position="-0.2,3" rotation="90" p1="0,0" p2="5,0" moving="0" duration="5" time="0" start_angle="0" delta_angle="45" rotation_duration="1" rotating="0" rotation_time="0"/>
	<object type="laser" position="1.2,3" rotation="90" p1="0,0" p2="5,0" moving="0" duration="5" time="0" start_angle="0" delta_angle="45" rotation_duration="1" rotating="0" rotation_time="0"/>
	<object type="laser" position="2.6,3" rotation="90" p1="0,0" p2="5,0" moving="0" duration="5" time="0" start_angle="0" delta_angle="45" rotation_duration="1" rotating="0" rotation_time="0"/>
	<!-- Bottom Row Lasers -->
	<object type="laser" position="-1.6,-3" rotation="270" p1="0,0" p2="5,0" moving="0" duration="5" time="0" start_angle="0" delta_angle="45" rotation_duration="1" rotating="0" rotation_time="0"/>
	<object type="laser" position="-0.2,-3" rotation="270" p1="0,0" p2="5,0" moving="0" duration="5" time="0" start_angle="0" delta_angle="45" rotation_duration="1" rotating="0" rotation_time="0"/>
	<object type="laser" position="1.2,-3" rotation="270" p1="0,0" p2="5,0" moving="0" duration="5" time="0" start_angle="0" delta_angle="45" rotation_duration="1" rotating="0" rotation_time="0"/>
	<object type="laser" position="2.6,-3" rotation="270" p1="0,0" p2="5,0" moving="0" duration="5" time="0" start_angle="0" delta_angle="45" rotation_duration="1" rotating="0" rotation_time="0"/>
	<!-- Center Laser -->
	<object type="laser" position="6,2" rotation="270" p1="0,0" p2="5,0" moving="0" duration="5" time="0" start_angle="0" delta_angle="45" rotation_duration="1" rotating="0" rotation_time="0"/>
	
	<!-- PLAYER -->
	<object type="player" position="-7.5,2" />

	<!-- WALLS -->
	<!-- BARRIERS in the middle + connection onto the outer frame-->
	<object type="wall" position="1.25,0" size="8.5,6" rotation="0"/>
	<object type="wall" position="6,2.5" size="1,1" rotation="0"/>
	<object type="wall" position="6,-2.5" size="1,1" rotation="0"/>
	<object type="wall" position="-4,0" size="2,6" rotation="0"/>
	<object type="wall" position="-7.5,0" size="5,2" rotation="0"/>
	<!-- Outter frame clockwise from farleft -->
	<object type="wall" position="-14.5,0" size="9,21" rotation="0"/>
	<object type="wall" position="1,9.25" size="22,2.5" rotation="0"/>
	<object type="wall" position="15.5,0" size="7,21" rotation="0"/>
	<object type="wall" position="1,-9.25" size="22,2.5" rotation="0"/>
	<object type="wall" position="12,8" size="6,6" rotation="-45"/>
	<object type="wall" position="12,-8" size="6,6" rotation="45"/>

	<!-- PLATFORMS -->
	<!-- Moving Platforms [MIDDLE, TOP, BOTTOM]-->
	<object type="platform" position="0,0" size="0.4,2" rotation="0" moves="1" p1="6.9,2" p2="6.9,-2" duration="2" time="0" />
	<object type="platform" position="0,0" size="4,0.4" rotation="0" moves="1" p1="-3,3.5" p2="4,3.5" duration="2" time="0" />
	<object type="platform" position="0,0" size="4,0.4" rotation="0" moves="1" p1="4,-3.5" p2="-3,-3.5" duration="2" time="0" />

	<!-- BORDER -->
	<object type="wall" position="0,13" size="38,5" rotation="0"/> 		<!-- top -->
	<object type="wall" position="0,-13" size="38,5" rotation="0"/> 	<!-- bottom -->
	<object type="wall" position="-21.5,0" size="5,31" rotation="0"/> 	<!-- left -->
	<object type="wall" position="21.5,0" size="5,31" rotation="0"/> 	<!-- right -->
	
</root>