<?xml version="1.0"?>
<!-- BLENDER LEVEL 3.4 AUTHOR ANDREW DIGGINS -->
 <!-- ORIGINAL LEVEL 22-->
<root>
	<object type="score" gold="2" silver="4" />
	<object type="text" pos="-14,-3" rotation="0" text="LVL 31 | PAR 2" r="255" g="255" b="255" a="100" font="segoe-ui-light-48" h_align="left" v_align="bottom" />
	<object type="color" r="1" g="0" b="1" />
	<!-- HOLE -->
	<object type="hole" position="13,0" />

	<!-- switches -->

	<!-- LASERS -->
	<object type="laser" position="-14.3,3" rotation="270" />
	<object type="laser" position="14.3,-3" rotation="90" />
	
	<!-- PLAYER -->
	<object type="player" position="-13, 0" />

	<!-- OUTER FRAME OF THE WALLS - starting from top, working clockwise-->
	<object type="wall" position="0,3.5" size="31,1" rotation="0"/>
	<object type="wall" position="15,0" size="1,6" rotation="0"/>
	<object type="wall" position="0,-3.5" size="31,1" rotation="0"/>
	<object type="wall" position="-15,0" size="1,6" rotation="0"/>

	<!-- PLATFORMS -->
	<object type="platform" position="-5,3" size="0.5,10" rotation="0" rotating="1" rotationspeed="-75"/>
	<object type="platform" position="5,-3" size="0.5,10" rotation="0" rotating="1" rotationspeed="75"/>
	
	<!-- BACKGROUND WALLS, top working clockwise -->
	<object type="wall" position="0, 7.25" size="38,6.5" rotation="0"/>
	<object type="wall" position="17.25, 0" size="3.5,8" rotation="0"/>
	<object type="wall" position="0, -7.25" size="38,6.5" rotation="0"/>
	<object type="wall" position="-17.25, 0" size="3.5,8" rotation="0"/>
	
	<!-- BORDER -->
	<object type="wall" position="0,13" size="38,5" rotation="0"/> 		<!-- top -->
	<object type="wall" position="0,-13" size="38,5" rotation="0"/> 	<!-- bottom -->
	<object type="wall" position="-21.5,0" size="5,31" rotation="0"/> 	<!-- left -->
	<object type="wall" position="21.5,0" size="5,31" rotation="0"/> 	<!-- right -->
	
</root>