<?xml version="1.0" encoding="UTF-8"?>
<root>
	<!-- IMAGES -->
	<asset type="image" path="media/images/title.png" />
	<asset type="image" path="media/images/glow.png" />
	<asset type="image" path="media/images/star.png" />
	<asset type="image" path="media/images/trophey.png" />
	<asset type="image" path="media/images/achieve_glow.png" />
	<asset type="image" path="media/images/loading.png" />
	<asset type="image" path="media/images/laser_beam.png" />
	<asset type="image" path="media/images/laser_end.png" />
	<asset type="image" path="media/images/laser_head.png" />
	<asset type="image" path="media/images/hole_on.png" />
	<asset type="image" path="media/images/hole_off.png" />
	<asset type="image" path="media/images/switch_off.png" />
	<asset type="image" path="media/images/switch_on.png" />
	
	<asset type="image" path="media/images/Screencap_Level_1.png" />
	<asset type="image" path="media/images/Screencap_Level_2.png" />
	<asset type="image" path="media/images/Screencap_Level_3.png" />
	<asset type="image" path="media/images/Screencap_Level_4.png" />
	<asset type="image" path="media/images/Screencap_Level_5.png" />
	<asset type="image" path="media/images/Screencap_Level_6.png" />
	<asset type="image" path="media/images/Screencap_Level_7.png" />
	<asset type="image" path="media/images/Screencap_Level_8.png" />
	<asset type="image" path="media/images/Screencap_Level_9.png" />
	<asset type="image" path="media/images/Screencap_Level_10.png" />
	<asset type="image" path="media/images/Screencap_Level_11.png" />
	<asset type="image" path="media/images/Screencap_Level_12.png" />
	<asset type="image" path="media/images/Screencap_Level_13.png" />
	<asset type="image" path="media/images/Screencap_Level_14.png" />
	<asset type="image" path="media/images/Screencap_Level_15.png" />
	<asset type="image" path="media/images/Screencap_Level_16.png" />
	<asset type="image" path="media/images/Screencap_Level_17.png" />
	<asset type="image" path="media/images/Screencap_Level_18.png" />
	<asset type="image" path="media/images/Screencap_Level_19.png" />
	<asset type="image" path="media/images/Screencap_Level_20.png" />
	<asset type="image" path="media/images/Screencap_Level_21.png" />
	<asset type="image" path="media/images/Screencap_Level_22.png" />
	<asset type="image" path="media/images/Screencap_Level_23.png" />
	<asset type="image" path="media/images/Screencap_Level_24.png" />
	<asset type="image" path="media/images/Screencap_Level_25.png" />
	<asset type="image" path="media/images/Screencap_Level_26.png" />
	<asset type="image" path="media/images/Screencap_Level_27.png" />
	<asset type="image" path="media/images/Screencap_Level_28.png" />
	<asset type="image" path="media/images/Screencap_Level_29.png" />
	<asset type="image" path="media/images/Screencap_Level_30.png" />
	<asset type="image" path="media/images/Screencap_Level_31.png" />
	<asset type="image" path="media/images/Screencap_Level_32.png" />
	<asset type="image" path="media/images/Screencap_Level_33.png" />
	<asset type="image" path="media/images/Screencap_Level_34.png" />
	<asset type="image" path="media/images/Screencap_Level_35.png" />

	<!-- SOUNDS -->
	<asset type="sound" path="media/sounds/AchievementUnlocked.wav" />
	<asset type="sound" path="media/sounds/bounce.wav" />
	<asset type="sound" path="media/sounds/explosion.wav" />
	<asset type="sound" path="media/sounds/shoot.wav" />
	<asset type="sound" path="media/sounds/victory.wav" />
	<asset type="sound" path="media/sounds/click.wav" />
	<asset type="sound" path="media/sounds/menu_click.wav" />
	<asset type="sound" path="media/sounds/switch.wav" />

	<!-- MUSIC -->
	<asset type="music" path="media/music/music1.ogg" />
	<asset type="music" path="media/music/music2.ogg" />
	<asset type="music" path="media/music/music3.ogg" />
	<asset type="music" path="media/music/AirHockey.ogg" />
	<asset type="music" path="media/music/Divider.ogg" />

	<!-- FONTS -->
	<asset type="font" path="media/fonts/purista-medium-14/" />
	<asset type="font" path="media/fonts/elemental-end-30/" />
	<asset type="font" path="media/fonts/segoe-ui-light-48/" />
	<asset type="font" path="media/fonts/segoe-ui-light-20/" />
</root>